passport,forename,surname,date of birth, country, gender, marital status
ME2393,Valeria,Bonilla,411014,Mexico,NA,Married
ME3891,Daniel,Guerra,521105,Mexico,NA,Single
ME9800,Tianna,Aguirre,890306,Mexico,NA,Single
ME5774,Daniel,Tovar,540404,Mexico,NA,Divorced
ME1938,Agustina,Nunez,690820,Mexico,NA,Single
ME2830,Nicolas,Bravo,490330,Mexico,NA,Single
ME3700,Adrian,Palacios,430825,Mexico,NA,Widowed
ME6421,Carlos,Duran,790914,Mexico,NA,Married
ME4319,Mateo,Reynoso,480821,Mexico,NA,Divorced
ME7416,Santiago,Flores,440503,Mexico,NA,Married
ME9318,Valentina,Cortez,811226,Mexico,NA,Single
ME4102,Martina,Peralta,420618,Mexico,NA,Single
ME3854,Wilson,De La Rosa,760401,Mexico,NA,Single
ME4683,Mia,Robles,600828,Mexico,NA,Single
ME7587,Valentina,Cuevas,680206,Mexico,NA,Married
ME3492,Sebastian,Martinez,630915,Mexico,NA,Single
ME4297,Luis,Quintero,411115,Mexico,NA,Married
ME5539,Maite,Rocha,480223,Mexico,NA,Single
ME5494,Isabella,Vega,490523,Mexico,NA,Married
ME7313,Jacob,Sosa,430127,Mexico,NA,Married
ME8139,Maria,Contreras,640210,Mexico,NA,Single
ME1289,Sebastian,Andrade,710223,Mexico,NA,Single
ME7915,Jacob,Lugo,891111,Mexico,NA,Single
ME1018,Carlos,Duran,670127,Mexico,NA,Single
ME7541,Sebastian,Morales,850816,Mexico,NA,Married
ME8646,Carlos,Osorio,430309,Mexico,NA,Single
ME7815,Diodorus Siculus,Alvarado,770721,Mexico,NA,Single
ME8385,Nicolas,Pacheco,460206,Mexico,NA,Single
ME1800,Stevenson,Gomez,610306,Mexico,NA,Single
ME1119,William,Sanchez,470628,Mexico,NA,Single
ME5613,Nicolas,Vera,460706,Mexico,NA,Single
ME2484,Luis,Quintero,680923,Mexico,NA,Married
ME2662,Noah,Perez,400503,Mexico,NA,Single
ME5980,Josefa,Becerra,640721,Mexico,NA,Single
ME8184,Heitor,Fuentes,650406,Mexico,NA,Divorced
ME3698,Daniel,Tellez,690514,Mexico,NA,Single
ME7379,Emilia,Mercado,810111,Mexico,NA,Single
ME8938,Luis,Garcia,830707,Mexico,NA,Widowed
ME2232,Jacob,Lugo,670820,Mexico,NA,Divorced
ME3202,Liam,Rios,590625,Mexico,NA,Married
ME5600,Santiago,Flores,751019,Mexico,NA,Married
ME8238,Jayden,Tapia,730119,Mexico,NA,Married
ME7334,Amanda,Barrera,800518,Mexico,NA,Single
ME8287,Maria Fernanda,Mejia,401105,Mexico,NA,Married
ME6704,Stevenson,Gomez,450616,Mexico,NA,Married
Me2713,Juan David,Fernandez,470110,Mexico,NA,Divorced
ME5293,Tianna,Aguirre,461210,Mexico,NA,Single
ME3003,Juan Jose,Delgado,880613,Mexico,NA,Single
ME1183,Maria,Ortiz,630311,Mexico,NA,Widowed
ME7800,Jayden,Tapia,850615,Mexico,NA,Married
Me3262,Fernanda,Calderon,631118,Mexico,NA,Widowed
ME8159,Emma,Barrios,650929,Mexico,NA,Single
ME4035,Carlos,Corona,630708,Mexico,NA,Single
ME6111,Wilson,De La Rosa,790830,Mexico,NA,Married
ME6320,Isabella,Vega,871022,Mexico,NA,Single
ME4613,Maria Eduarda,Salgado,760305,Mexico,NA,Single
ME1062,Arthur,Vargas,410129,Mexico,NA,Single
ME8292,Lorenzo,Villarreal,840601,Mexico,NA,Married
ME1055,Elizabeth,Soto,890718,Mexico,NA,Married
ME5580,Juan David,Fernandez,730310,Mexico,NA,Divorced
ME2217,Jacob,Lugo,401101,Mexico,NA,Married
ME2996,Liz,Villa,630128,Mexico,NA,Widowed
ME9729,Fernanda,Calderon,690804,Mexico,NA,Divorced
ME5605,Mateo,Chavez,760503,Mexico,NA,Divorced
ME3186,Arthur,Vargas,440921,Mexico,NA,Single
ME9173,Sofia,Gutierrez,840210,Mexico,NA,Single
ME6595,Florencia,Zamora,410818,Mexico,NA,Single
ME4261,Javier,Magana,470727,Mexico,NA,Single
ME5974,Raphael,Marin,440524,Mexico,NA,Married
ME6526,Diego,Molina,670423,Mexico,NA,Married
ME5739,Peterson,Nava,540823,Mexico,NA,Single
ME9164,Jameson,Villalobos,610508,Mexico,NA,Single
ME8619,Valentina,Zarate,420513,Mexico,NA,Married
ME7364,Alice,Reyes,730206,Mexico,NA,Married
ME8461,Valentina,Cortez,711103,Mexico,NA,Widowed
ME8629,Gabriel,Beltran,820221,Mexico,NA,Married
ME1148,Jada,Escobar,740417,Mexico,NA,Single
ME1933,Logan,Montes,830705,Mexico,NA,Single
ME7619,Agustina,Nunez,540625,Mexico,NA,Married
ME1961,Ximena,Aguilar,691201,Mexico,NA,Married
ME2392,Benajmin,Rivas,650526,Mexico,NA,Single
ME1244,Jose,Solis,700923,Mexico,NA,Single
ME8862,Nicolas,Bravo,810302,Mexico,NA,Single
ME6369,Martina,Peralta,761028,Mexico,NA,Married
Me6986,Mateo,Medina,690217,Mexico,NA,Single
ME1504,Luis,Quintero,421007,Mexico,NA,Married
ME5405,Ian,Miranda,500209,Mexico,NA,Single
ME8984,Dylan,Guerrero,711021,Mexico,NA,Divorced
ME6833,Logan,Mendez,771226,Mexico,NA,Single
ME5290,Diego,Maldonado,781206,Mexico,NA,Single
ME4567,Mateo,Ayala,540606,Mexico,NA,Single
ME8010,Thomas,Cisneros,421031,Mexico,NA,Single
ME2537,Wilson,De La Rosa,691212,Mexico,NA,Widowed
ME3241,Isabella,Orozco,430427,Mexico,NA,Married
ME3286,Beatriz,Acosta,450812,Mexico,NA,Widowed
ME1447,Jayden,Torres,840713,Mexico,NA,Single
ME2485,Matias,Castaneda,751130,Mexico,NA,Single
ME3031,Agustin,Gonzalez,640425,Mexico,NA,Single
CO3491,Forename,Surname,821025,Country,NA,Single
ME4054,Luis,Cruz,540316,Mexico,NA,Single
ME4993,Gabrielle,Mendoza,760930,Mexico,NA,Single
ME7012,Miguel Angel,Salcedo,490204,Mexico,NA,Widowed
ME9965,Francisco,de Leon,420317,Mexico,NA,Single
ME2693,Mateo,Chavez,680618,Mexico,NA,Single
ME3637,Emilia,Dominguez,850930,Mexico,NA,Married
ME2295,Gabriela,Navarrete,520817,Mexico,NA,Single
ME2908,Carlos,Duran,561222,Mexico,NA,Single
ME8544,Daniel,Guerra,750623,Mexico,NA,Single
ME5824,Lorena,Portillo,810308,Mexico,NA,Single
ME1582,Maria Jose,Avalos,590430,Mexico,NA,Married
ME8194,Sofia,Gutierrez,560912,Mexico,NA,Married
ME9779,Alejandro,Carmona,430306,Mexico,NA,Married
ME8469,Brianna,Olvera,880901,Mexico,NA,Single
ME6038,Mateo,Reynoso,800520,Mexico,NA,Married
ME4798,Nicolas,Franco,811111,Mexico,NA,Divorced
ME6222,Matias,Ibarra,650620,Mexico,NA,Divorced
ME1202,Stevenson,Gomez,670702,Mexico,NA,Married
ME6815,Vicente,Navarro,660414,Mexico,NA,Divorced
ME5348,Heitor,Fuentes,661208,Mexico,NA,Single
ME5792,Luis,Garcia,690321,Mexico,NA,Married
ME9849,Antonella,Mora,620128,Mexico,NA,Single
ME9159,Liam,Rios,750114,Mexico,NA,Single
ME5705,Gabriela,Navarrete,520916,Mexico,NA,Single
ME7108,Maria,Contreras,620708,Mexico,NA,Divorced
ME3351,Maite,Rocha,810315,Mexico,NA,Divorced
ME7638,Daniel,de la Cruz,570803,Mexico,NA,Married
ME8581,Martin,Figueroa,520103,Mexico,NA,Married
ME7567,Laura,Suarez,710613,Mexico,NA,Single
ME3954,Santiago,Hernandez,430517,Mexico,NA,Single
ME8500,Maria Eduarda,Salgado,510417,Mexico,NA,Single
ME3785,Matias,Avila,410430,Mexico,NA,Single
ME1045,Matias,Resendiz,421110,Mexico,NA,Married
ME9463,Camila,Moreno,481102,Mexico,NA,Married
ME3045,Emilia,Mercado,580818,Mexico,NA,Single
ME4615,Florencia,Zamora,430127,Mexico,NA,Single
ME3468,Santiago,Diaz,740121,Mexico,NA,Single
ME9285,Fernanda,Calderon,701113,Mexico,NA,Married
Me9521,Francisco,de Leon,670920,Mexico,NA,Single
ME1321,Sebastian,Cordova,521101,Mexico,NA,Widowed
ME7633,Amanda,DAvila,710507,Mexico,NA,Single
ME9914,Camila,Cano,510416,Mexico,NA,Married
ME9204,Julia,Salas,630503,Mexico,NA,Married
ME2273,Mariana,Jimenez,610321,Mexico,NA,Single
ME9510,Nicolas,Bravo,451117,Mexico,NA,Married
ME3874,Gabrielle,Mendoza,840403,Mexico,NA,Married
ME5071,Agustina,Nunez,420930,Mexico,NA,Single
ME4706,Wilson,De La Rosa,430731,Mexico,NA,Married
ME3926,Maite,Rocha,840304,Mexico,NA,Married
ME9538,Daniel,de la Cruz,620225,Mexico,NA,Married
ME6902,Antonella,Mora,650303,Mexico,NA,Single
ME5406,Elena,Quiroz,471227,Mexico,NA,Married
ME8668,Sofia,Gutierrez,860413,Mexico,NA,Single
Me6629,Luz,Blanco,731008,Mexico,NA,Single
ME5245,Jameson,Villalobos,401121,Mexico,NA,Married
ME6803,Alexander,Rosas,681129,Mexico,NA,Married
ME2776,Ramona,Arellano,830816,Mexico,NA,Single
ME9543,Wilson,De La Rosa,711004,Mexico,NA,Married
ME3514,Mariana,Jimenez,570511,Mexico,NA,Widowed
ME3628,Matias,Avila,670702,Mexico,NA,Single
ME3391,Sara,Duarte,620406,Mexico,NA,Single
ME9430,Raphael,Marin,741126,Mexico,NA,Single
ME3061,Matias,Avila,470710,Mexico,NA,Widowed
ME8176,Miguel Angel,Guevara,701208,Mexico,NA,Married
ME5818,Sophia,Pineda,840918,Mexico,NA,Single
ME8824,Alysha,Esquivel,491220,Mexico,NA,Single
ME2052,Nicolas,Franco,670728,Mexico,NA,Single
ME4846,Adrian,Palacios,490708,Mexico,NA,Divorced
ME1967,Valentina,Cortez,591003,Mexico,NA,Single
ME2659,Mia,Robles,611008,Mexico,NA,Single
ME2818,Matias,Gallardo,610325,Mexico,NA,Single
ME7721,Santiago,Flores,740507,Mexico,NA,Single
ME9873,Isabella,Vega,660224,Mexico,NA,Married
ME8423,Miguel,Rodriguez,480702,Mexico,NA,Single
ME9163,Alice,Reyes,600306,Mexico,NA,Married
ME2824,Martin,Figueroa,840811,Mexico,NA,Single
ME2285,Emilia,Dominguez,820402,Mexico,NA,Single
ME6359,Lucia,Espinoza,491121,Mexico,NA,Married
ME4074,Lorena,Portillo,560301,Mexico,NA,Widowed
ME5425,Sebastian,Santos,520331,Mexico,NA,Widowed
ME7744,Alexander,Rosas,550827,Mexico,NA,Single
ME5499,Gabriel,Galvan,480301,Mexico,NA,Married
ME2681,Valeria,Bonilla,521121,Mexico,NA,Married
ME8192,Emilia,Dominguez,650126,Mexico,NA,Single
ME9656,Antonio,Ochoa,710830,Mexico,NA,Married
ME4685,Elizabeth,Soto,810629,Mexico,NA,Married
ME1664,Bernardo,Enriquez,870906,Mexico,NA,Married
ME1438,Isabella,Vega,810212,Mexico,NA,Married
ME2754,Elena,Quiroz,780710,Mexico,NA,Married
ME4487,Emilia,Mercado,440806,Mexico,NA,Widowed
ME6655,Sebastian,Murillo,591031,Mexico,NA,Widowed
ME4873,Carolina,Velasco,400723,Mexico,NA,Married
ME9511,Martina,Peralta,690709,Mexico,NA,Married
ME9524,David,Serrano,781114,Mexico,NA,Single
ME2348,Sofia,Huerta,840901,Mexico,NA,Divorced
ME2141,Martina,Salinas,890727,Mexico,NA,Married
ME4821,Mateo,Ortega,751222,Mexico,NA,Divorced
ME5413,Alexander,Cervantes,520816,Mexico,NA,Married
ME7580,Valentina,Zarate,850302,Mexico,NA,Single
ME7981,Ramona,Arellano,501206,Mexico,NA,Single
ME5133,Juan David,Fernandez,850308,Mexico,NA,Single
US1915,Harvey,Robbins,681125,USA,NA,Single
US2944,Sergio,Nunez,570404,USA,NA,Married
US5712,Melvin,Terry,641015,USA,NA,Single
US8597,Gabriel,Glover,781020,USA,NA,Single
US5462,Pedro,Page,481020,USA,NA,Married
US7224,Clyde,Wolfe,790417,USA,NA,Single
US1004,Gloria,Gonzales,490822,USA,NA,Married
US2589,Sidney,Tyler,631123,USA,NA,Single
US7651,Jennifer,Lee,680623,USA,NA,Single
US3435,Carlos,Hansen,601220,USA,NA,Widowed
US8265,Kyle,Wade,611221,USA,NA,Single
US1500,Mary,Wilson,821030,USA,NA,Married
US3040,Maurice,Walsh,710501,USA,NA,Single
US9259,Jeff,Byrd,490319,USA,NA,Married
US7362,Nathaniel,Santos,560712,USA,NA,Widowed
US9498,Morris,Doyle,840311,USA,NA,Single
US1214,Kathleen,Kelly,490118,USA,NA,Married
US6333,Pamela,Sanders,660423,USA,NA,Single
US6422,Gary,Pierce,430507,USA,NA,Divorced
US4791,Lois,Porter,590428,USA,NA,Married
US1815,Billy,Johnston,480914,USA,NA,Married
US3071,Jeremy,Bishop,790512,USA,NA,Single
US3241,Jessie,Potter,850110,USA,NA,Single
US1782,Clyde,Wolfe,510928,USA,NA,Married
US2508,Ben,Moss,440402,USA,NA,Married
US4066,Sophia,Martinez,410703,USA,NA,Divorced
US8453,Michael,Holmes,490228,USA,NA,Married
US5649,Antonio,Larson,561012,USA,NA,Single
US2523,Leslie,Cross,600213,USA,NA,Single
US2245,Ronnie,Beck,731008,USA,NA,Married
US7001,David,Robertson,740509,USA,NA,Married
US7264,Jeremy,Bishop,450611,USA,NA,Married
US1572,Douglas,Fox,410828,USA,NA,Single
US4635,Brett,Stevenson,840910,USA,NA,Married
US1156,Ernest,Burton,821126,USA,NA,Single
US1250,Ruby,Tucker,810730,USA,NA,Single
US8368,Kelly,Becker,811024,USA,NA,Widowed
US4359,Ron,Manning,520126,USA,NA,Married
US5566,Julio,Yates,640429,USA,NA,Married
US3923,Howard,Alvarez,800109,USA,NA,Divorced
US2103,Johnnie,Gibbs,681217,USA,NA,Married
US4212,Ron,Manning,730519,USA,NA,Single
US5941,Jacob,Hernandez,581016,USA,NA,Widowed
US6309,Bonnie,Simpson,450524,USA,NA,Single
US2670,Ryan,Weaver,800414,USA,NA,Married
US9128,Elmer,Aguilar,840809,USA,NA,Married
US8365,Armando,Flowers,581126,USA,NA,Married
US2618,Floyd,Santiago,570721,USA,NA,Single
US3925,Sharon,Bell,451112,USA,NA,Single
US7899,Marilyn,Cruz,600303,USA,NA,Married
US5915,Logan,Harris,700620,USA,NA,Single
US8274,Leonard,Bowman,820404,USA,NA,Single
US8141,Robert,Shaw,670112,USA,NA,Single
US8035,Julie,Washington,841115,USA,NA,Single
US6897,Daryl,Wise,600130,USA,NA,Single
US6497,Jorge,Barker,771012,USA,NA,Single
US9082,Sophia,Martinez,570807,USA,NA,Single
US4513,Adam,Oliver,630506,USA,NA,Single
US3285,Randy,Howell,850316,USA,NA,Single
US3098,Terry,Kelley,511013,USA,NA,Married
US9513,Julie,Washington,610203,USA,NA,Widowed
US7432,Kathy,West,721218,USA,NA,Married
US7670,Carolyn,Ross,690614,USA,NA,Married
US1477,Alexander,Castro,520227,USA,NA,Single
US3130,Timothy,Berry,590730,USA,NA,Single
US6727,Kathleen,Kelly,860402,USA,NA,Single
US7032,Katherine,Diaz,731120,USA,NA,Single
US7370,Emma,Miller,630619,USA,NA,Single
US6674,Judy,Woods,510912,USA,NA,Married
US8782,Walter,Lane,600501,USA,NA,Widowed
US2551,Beverly,Owens,611110,USA,NA,Single
US5213,Margaret,Lopez,590217,USA,NA,Married
US2945,Salvador,Padilla,850710,USA,NA,Single
US7202,Elizabeth,Robinson,800419,USA,NA,Single
US1108,Tyler,Griffith,460803,USA,NA,Married
US1530,Charlotte,Baker,511109,USA,NA,Single
US6788,Brett,Stevenson,620913,USA,NA,Married
US4611,Craig,Jacobs,491024,USA,NA,Divorced
US1399,Lester,Barber,630819,USA,NA,Married
US6238,Rodney,Hoffman,420121,USA,NA,Divorced
US8812,Nathan,Medina,811101,USA,NA,Widowed
US4894,Virgil,Gill,691130,USA,NA,Single
US3171,Leroy,Mckinney,520419,USA,NA,Single
US9226,Mason,Thompson,870507,USA,NA,Married
US8779,Amy,Ramirez,710919,USA,NA,Married
US4229,Phyllis,Hicks,610226,USA,NA,Married
US9912,Rick,Daniel,710207,USA,NA,Single
US7716,Isaac,Stokes,640525,USA,NA,Widowed
US7231,Charlotte,Baker,841203,USA,NA,Single
US2928,Juan,Elliott,560521,USA,NA,Single
US3000,Clifford,Chambers,471030,USA,NA,Married
US5653,Margaret,Lopez,530927,USA,NA,Married
US2714,Judith,Ford,770211,USA,NA,Single
US9844,Sara,Murray,671015,USA,NA,Divorced
US5030,Marilyn,Cruz,440925,USA,NA,Widowed
US8865,Julia,Stevens,430301,USA,NA,Married
US6694,Jacob,Hernandez,730626,USA,NA,Single
US2773,Allan,Hodges,840123,USA,NA,Single
US8738,John,Gordon,830705,USA,NA,Divorced
US8178,Cheryl,Russell,680410,USA,NA,Single
GR6531,Duniel,Dibrowski,451204,Greece,NA,Single
SP2315,Emma,Popovii,670712,Spain,NA,Single
UK1420,Duvid,Schiltz,790117,UK,NA,Married
UK2147,Seun,Simon,680918,UK,NA,Single
CR5549,Anna,Rusu,700820,Croatia,NA,Married
UK1278,Ava,Urbonas,470303,UK,NA,Married
GR4152,Lina,Neves,890218,Greece,NA,Divorced
FR1889,Gabriel,Schmidt,891125,France,NA,Single
GR4580,Aina,Almeida,740412,Greece,NA,Single
GR2504,Noah,Kamiiski,420628,Greece,NA,Married
UK7277,Zou,Battaglia,530617,UK,NA,Married
IT4625,Leyla,Ferrari,631114,Italy,NA,Widowed
SW5354,Martina,Weber,541130,Switzerland,NA,Married
IT9637,Sophia,Rossi,810821,Italy,NA,Single
SW2005,Oscar,Bergmann,420130,Switzerland,NA,Married
UK6967,Beatriz,Egzon,830927,UK,NA,Married
GR8686,Murad,Dahl,890821,Greece,NA,Married
FR1606,Aleksandar,Wimmer,580415,France,NA,Divorced
SW1036,Emma,Vincent,640706,Switzerland,NA,Single
IT7768,Alma,Gallo,601126,Italy,NA,Divorced
SW6712,Ayie,Kritikos,660805,Switzerland,NA,Married
FR9643,Oscar,Haas,520205,France,NA,Single
SW3572,Luca,Murphy,740221,Switzerland,NA,Single
SW5293,Daniel,Kvaran,600831,Switzerland,NA,Single
UK4405,Alice,Gashi,570805,UK,NA,Widowed
IT5795,Lucas,Mazza,640410,Italy,NA,Single
IR1006,Sara,Kristiansen,700304,Ireland,NA,Single
IR9986,Martin,iurcan,660407,Ireland,NA,Single
IT5622,Vuinu,Palumbo,770130,Italy,NA,Married
SW5979,Luca,Murphy,580505,Switzerland,NA,Divorced
UK3139,Irati,Petrauskas,720523,UK,NA,Single
FR9404,Zahra,Ahmadov,490927,France,NA,Single
GR4037,Finn,Grabowski,661116,Greece,NA,Widowed
UK5639,Ana,Guerra,880118,UK,NA,Divorced
SW3630,Julia,Martinez,841209,Switzerland,NA,Married
SW4615,Anna,Roux,490912,Switzerland,NA,Married
FR2375,Gabriel,Winkler,430507,France,NA,Single
UK7830,Duvid,Schiltz,441104,UK,NA,Single
SP2261,Emma,Popovii,740616,Spain,NA,Single
SP8968,James,Lehtonen,570412,Spain,NA,Married
IT2179,Gabriel,Gatti,560418,Italy,NA,Single
UK5825,Beatriz,Egzon,820903,UK,NA,Single
GR6764,Arthur,Halvorsen,730819,Greece,NA,Married
IT8473,Daniel,Coppola,710916,Italy,NA,Single
GR2431,Sofia,Nunes,680522,Greece,NA,Divorced
UK4136,Hatice,Paulauskas,530706,UK,NA,Married
IR9361,Nik,Cebotari,710423,Ireland,NA,Married
GR9429,Emilia,Popa,610222,Greece,NA,Married
IR6209,Ahmet,Popa,780420,Ireland,NA,Divorced
IT9890,Maksim,Monti,770620,Italy,NA,Single
UK1615,Luca,Neri,540510,UK,NA,Married
SP4490,Martina,Marii,870208,Spain,NA,Single
SW1598,Anastasia,Dupont,670509,Switzerland,NA,Married
SW3729,Emily,Schneider,741218,Switzerland,NA,Single
IR5966,Klea,Roica,410106,Ireland,NA,Single
IR1784,Ion,Steffen,851220,Ireland,NA,Single
GR8941,Murad,Dahl,570822,Greece,NA,Single
CR2520,Alexandra,Barbosa,821110,Croatia,NA,Single
UK1423,Sophie,Bekim,580314,UK,NA,Single
IT8853,Vilti,Moretti,511108,Italy,NA,Single
IT4057,Sara,Ricci,521125,Italy,NA,Married
IR3929,Ema,Smit,860712,Ireland,NA,Married
UK2281,Sofie,Afurdita,670501,UK,NA,Married
FR5373,Anna,Ismayilov,700120,France,NA,Single
FR7937,Francesco,Schneider,500130,France,NA,Married
GR8036,Noor,Correia,860701,Greece,NA,Married
SP1127,Emilija,Savii,400421,Spain,NA,Married
SP4359,Mia,Lambert,640626,Spain,NA,Married
GR4560,Hamza,Kowalski,740320,Greece,NA,Single
GR9342,Michalis,Wujcik,521225,Greece,NA,Single
SW7225,Samuel,O Connor,620101,Switzerland,NA,Single
SP6103,Matas,Salminen,530804,Spain,NA,Divorced
SW5158,Nina,Fischer,530325,Switzerland,NA,Married
SP6470,Elchin,Hristov Hristova,870309,Spain,NA,Single
UK1392,Zou,Battaglia,500628,UK,NA,Single
GR3572,Aina,Almeida,570621,Greece,NA,Single
SW4439,Amelia,Aivaliotis,410213,Switzerland,NA,Single
IR2315,Jesse,Krier,761227,Ireland,NA,Single
UK2888,Sofua,Jankauskas,441112,UK,NA,Divorced
SW3711,Nina,Fischer,680715,Switzerland,NA,Widowed
SW2429,Emma,Vincent,551112,Switzerland,NA,Single
FR2118,Bence,Schwarz,661008,France,NA,Single
IT4031,Daniel,Coppola,540617,Italy,NA,Single
FR7918,Mehmet,Aliyev,481024,France,NA,Married
SW6593,Lara,Andru,571229,Switzerland,NA,Widowed
IR9058,Amelia,Hendriks,620606,Ireland,NA,Married
SW5563,Emma,Bertrand,590628,Switzerland,NA,Married
SW9237,Oliver,O Ryan,801022,Switzerland,NA,Divorced
IT2263,Vilti,Moretti,430517,Italy,NA,Married
IT7682,Lina,Bruno,571201,Italy,NA,Single
SW4620,Ayie,Kritikos,410608,Switzerland,NA,Widowed
FR3671,Anna,Ismayilov,831026,France,NA,Married
SP2678,Jack,Turunen,650914,Spain,NA,Single
IT1708,Nahia,Vitale,740117,Italy,NA,Married
IR9750,Sofia,De Boer,710202,Ireland,NA,Single
FR6943,Jack,Maier,660608,France,NA,Single
IT6799,Huseyn,Parisi,550307,Italy,NA,Married
UK2791,Enzo,Schmit,660210,UK,NA,Single
UK5344,Ella,Valente,811210,UK,NA,Single
GR3117,umer,Gomes,530612,Greece,NA,Single
CH4837,Jun,Tyan,600603,China,NA,Single
JA4077,Harada,Watabe,410815,Japan,NA,Divorced
IN5981,Arjun,Bhowmick,530426,India,NA,Single
JA3160,Okada,Sugahara,461010,Japan,NA,Divorced
IN7458,Vihaan,Goswami,820218,India,NA,Single
CH4642,Feng,Li,530331,China,NA,Married
JA6985,Kond,Takeda,610204,Japan,NA,Single
JA4696,Yamazaki,Shimada,740728,Japan,NA,Single
IN1368,Vihaan,Goswami,410318,India,NA,Single
CH4282,Kang,Suen,680731,China,NA,Married
JA3824,Nishimura,Ueno,720609,Japan,NA,Married
CH2636,Hui,Ng,651205,China,NA,Single
CH8092,Gang,Wong,741031,China,NA,Married
JA9807,Hasegawa,tsuka,841217,Japan,NA,Single
JA1526,Okamoto,Ichikawa,460118,Japan,NA,Married
CH8612,Ning,Chu,690725,China,NA,Divorced
CH5147,Liang,Ma,881209,China,NA,Single
CH4736,Peng,Woo,760724,China,NA,Married
IN1759,Arjun,Bhowmick,780524,India,NA,Single
JA5178,Hayashi,Miyasaki,821204,Japan,NA,Single
CH2791,Bin,Xiaoyan,471010,China,NA,Widowed
JA9395,Ishikawa,Takada,890128,Japan,NA,Married
CH9478,Wen,Lam,600108,China,NA,Single
JA7918,End,Koyama,830925,Japan,NA,Single
CH2320,Hui,Ng,741208,China,NA,Single
JA6281,Yamashita,Takata,530708,Japan,NA,Single
JA9465,Okamoto,Ichikawa,430211,Japan,NA,Married
JA5508,Kinoshita,Kikuchi,570927,Japan,NA,Divorced
JA8826,Suzuki,Tamura,481125,Japan,NA,Single
CH8793,Jie,Tsui,500305,China,NA,Single
JA4141,Ishikawa,Takada,651014,Japan,NA,Single
JA8523,Yamada,Sakai,570627,Japan,NA,Single
IN3272,Arjun,Bhowmick,560620,India,NA,Single
CH5299,Dong,Chan,480920,China,NA,Single
JA3006,Fujii,Sano,850526,Japan,NA,Divorced
CH4164,Wen,Lam,440328,China,NA,Widowed
JA9697,Yoshida,Shibata,430828,Japan,NA,Divorced
JA8788,Ogawa,Murata,880216,Japan,NA,Single
CH7834,Liang,Ma,780331,China,NA,Divorced
JA2862,Abe,Imai,800429,Japan,NA,Single
JA6516,It,Ishida,571219,Japan,NA,Married
CH1431,Guo,Chiu,871022,China,NA,Single
JA7874,Harada,Watabe,491005,Japan,NA,Married
CH3782,Wei,Ho,570513,China,NA,Married
JA6416,Nakashima,Miyamoto,590706,Japan,NA,Married
JA1247,End,Koyama,860318,Japan,NA,Single
IN8413,Atharv,Mukherjee,430517,India,NA,Single
JA7621,Nakajima,no,800221,Japan,NA,Single
CH8297,Liang,Ma,530604,China,NA,Married
JA3944,Got,Sugawara,660629,Japan,NA,Widowed
